car	year	price	dealer
2023 Mazda CX-30 2.5 Turbo Premium Package	2023	36205	Nucar Mazda of New Castle
2023 Mazda CX-30 Premium Package	2023	33885	Pacifico Mazda
2023 Mazda CX-30 Premium Package	2023	32875	Maple Shade Mazda
2023 Mazda CX-30 Premium Package	2023	33200	Mazda of Abington
2023 Mazda CX-30 2.5 S Premium Package	2023	33540	Piazza Mazda of West Chester
2023 Mazda CX-30 2.5 S Premium Package	2023	33470	Piazza Mazda of West Chester
2023 Mazda CX-30 Premium Package	2023	33345	North Penn Mazda
2023 Mazda CX-30 Premium Package	2023	32670	North Penn Mazda
2023 Mazda CX-30 Premium Package	2023	33030	Nucar Mazda of New Castle
2023 Mazda CX-30 Premium Package	2023	33185	Nucar Mazda of New Castle
2023 Mazda CX-30 Premium Package	2023	33215	Hamilton Mazda
2023 Mazda CX-30 Premium Package	2023	33945	Martin Mazda
2023 Mazda CX-30 Premium Package	2023	33625	Martin Mazda
2023 Mazda CX-30 Premium Package	2023	33675	Martin Mazda
2023 Mazda CX-30 Premium Package	2023	32875	Martin Mazda
2023 Mazda CX-30 Premium Package	2023	33185	Scott Mazda
2023 Mazda CX-30 Premium Package	2023	33230	Scott Mazda
2023 Mazda CX-30 Premium Package	2023	33435	Scott Mazda
2023 Mazda CX-30 Premium Package	2023	32625	Scott Mazda
2023 Mazda CX-30 Premium Package	2023	33255	Scott Mazda
2023 Mazda CX-30 Premium Package	2023	32875	Piazza Mazda of Reading
2023 Mazda CX-30 Premium Package	2023	33085	Piazza Mazda of Reading
2023 Mazda CX-30 Premium Package	2023	32875	Piazza Mazda of Reading
2023 Mazda CX-30 Premium Package	2023	33405	Chapman Auto Store of EHT, NJ
2023 Mazda CX-30 Premium Package	2023	33540	Koch 33 Mazda
2023 Mazda CX-30 Premium Package	2023	32830	Koch 33 Mazda
2023 Mazda CX-30 Premium Package	2023	34005	Pine Belt Mazda
2023 Mazda CX-30 Premium Package	2023	33605	Empire Mazda of Green Brook
2023 Mazda CX-30 Premium Package	2023	32875	Empire Mazda of Green Brook
2023 Mazda CX-30 Premium Package	2023	33175	Empire Mazda of Green Brook
2023 Mazda CX-30 Premium Package	2023	33470	Empire Mazda of Green Brook
2023 Mazda CX-30 Premium Package	2023	31136	Heritage Mazda Bel Air
2023 Mazda CX-30 Premium Package	2023	33385	Wayne Mazda
2023 Mazda CX-30 Premium Package	2023	31741	Heritage Mazda Towson
2023 Mazda CX-30 Premium Package	2023	31679	Heritage Mazda Towson
2023 Mazda CX-30 Premium Package	2023	32159	Heritage Mazda Towson
2023 Mazda CX-30 Premium Package	2023	31555	Heritage Mazda Towson
2023 Mazda CX-30 Premium Package	2023	31729	Heritage Mazda Towson
2023 Mazda CX-30 Premium Package	2023	31477	Heritage Mazda Towson
2023 Mazda CX-30 Premium Package	2023	31417	Heritage Mazda Towson
2023 Mazda CX-30 Premium Package	2023	31777	Heritage Mazda Towson
2023 Mazda CX-30 Premium Package	2023	32179	Heritage Mazda Towson
2023 Mazda CX-30 Premium Package	2023	31028	Heritage Mazda Towson
2023 Mazda CX-30 Premium Package	2023	31827	Heritage Mazda Towson
2023 Mazda CX-30 Premium Package	2023	33640	Koeppel Mazda
2023 Mazda CX-30 Premium Package	2023	32865	Koeppel Mazda
2023 Mazda CX-30 Premium Package	2023	33810	Koeppel Mazda
2023 Mazda CX-30 Premium Package	2023	33310	Koeppel Mazda
2023 Mazda CX-30 Premium Package	2023	32905	Koeppel Mazda
2023 Mazda CX-30 Premium Package	2023	32610	Koeppel Mazda
2023 Mazda CX-30 Premium Package	2023	33820	Koeppel Mazda
2023 Mazda CX-30 Premium Package	2023	33750	Koeppel Mazda
2023 Mazda CX-30 Premium Package	2023	33575	Koeppel Mazda
2023 Mazda CX-30 Premium Package	2023	34430	Koeppel Mazda
2023 Mazda CX-30 Premium Package	2023	32176	Heritage Mazda Catonsville
2023 Mazda CX-30 Premium Package	2023	31633	Heritage Mazda Catonsville
2023 Mazda CX-30 Premium Package	2023	31767	Heritage Mazda Catonsville
2023 Mazda CX-30 Premium Package	2023	32384	Heritage Mazda Catonsville
2023 Mazda CX-30 Premium Package	2023	31549	Heritage Mazda Catonsville
2023 Mazda CX-30 Premium Package	2023	31905	Heritage Mazda Catonsville
2023 Mazda CX-30 Premium Package	2023	32843	Fitzgerald Mazda of Annapolis
2023 Mazda CX-30 Premium Package	2023	32797	Bergey's VW Mazda Kia Wilkes-Barre
2023 Mazda CX-30 Premium Package	2023	32875	Mazda of New Rochelle
2023 Mazda CX-30 Premium Package	2023	33545	Mazda of New Rochelle
2023 Mazda CX-30 Premium Package	2023	32875	Mazda of New Rochelle
2023 Mazda CX-30 Premium Package	2023	33580	Mazda of New Rochelle
2023 Mazda CX-30 Premium Package	2023	33465	Wantagh Mazda
2023 Mazda CX-30 Premium Package	2023	33875	Palisades Mazda
2023 Mazda CX-30 Premium Package	2023	33770	Palisades Mazda
2023 Mazda CX-30 Premium Package	2023	33190	Palisades Mazda
2023 Mazda CX-30 Premium Package	2023	33900	Palisades Mazda
2023 Mazda CX-30 Premium Package	2023	34380	Palisades Mazda
2023 Mazda CX-30 Premium Package	2023	33720	Palisades Mazda
2023 Mazda CX-30 Premium Package	2023	33680	Palisades Mazda
2023 Mazda CX-30 Premium Package	2023	33585	Palisades Mazda
2023 Mazda CX-30 Premium Package	2023	33705	Palisades Mazda
2023 Mazda CX-30 Premium Package	2023	33930	Palisades Mazda
2023 Mazda CX-30 Premium Package	2023	32540	Ourisman Mazda
2023 Mazda CX-30 Premium Package	2023	34015	Middletown Mazda
2023 Mazda CX-30 Premium Package	2023	33405	Middletown Mazda
2023 Mazda CX-30 Premium Package	2023	32875	Empire Mazda of Huntington
2023 Mazda CX-30 2.5 S Premium Package	2023	32265	Rosenthal Gaithersburg Mazda
2023 Mazda CX-30 Premium Package	2023	32299	Ourisman Mazda of Rockville
2023 Mazda CX-30 Premium Package	2023	32742	Passport Mazda
2023 Mazda CX-30 Premium Package	2023	32685	Ourisman Mazda of Rockville
2023 Mazda CX-30 Premium Package	2023	33501	Fitzgerald Mazda Frederick
2023 Mazda CX-30 Premium Package	2023	33158	Mazda 112
2023 Mazda CX-30 Premium Package	2023	32529	Mazda 112
2023 Mazda CX-30 Premium Package	2023	33875	Safford Brown Mazda Fairfax
2023 Mazda CX-30 Premium Package	2023	33010	Safford Brown Mazda Fairfax
2023 Mazda CX-30 Premium Package	2023	32950	Route 9 Mazda
2023 Mazda CX-30 Premium Package	2023	33645	Safford Brown Mazda Chantilly
2023 Mazda CX-30 Premium Package	2023	33550	Safford Brown Mazda Chantilly
2023 Mazda CX-30 Premium Package	2023	33270	Modern Mazda
2023 Mazda CX-30 Premium Package	2023	34395	Safford Mazda of Fredericksburg
2023 Mazda CX-30 Premium Package	2023	32752	Liberty Mazda
2023 Mazda CX-30 Premium Package	2023	32194	Liberty Mazda
2023 Mazda CX-30 Premium Package	2023	32017	Liberty Mazda
2023 Mazda CX-30 Premium Package	2023	32017	Liberty Mazda
2023 Mazda CX-30 Premium Package	2023	31828	Whaling City Ford
2023 Mazda CX-30 Premium Package	2023	32120	Whaling City Mazda
